Rk,Player,OPS+,PA,Season,Age,Team,Lg,G,PA_1,AB,R,H,1B,2B,3B,HR,RBI,SB,CS,BB,SO,BA,OBP,SLG,OPS,OPS+_2,TB,GIDP,HBP,SH,SF,IBB,Pos,Player-additional
1,Barry Bonds,268,612,2002,37,SFG,NL,143,612,403,117,149,70,31,2,46,110,9,2,198,47,0.37,0.582,0.799,1.381,268,322,4,9,0,2,68,*7/DH,bondsba01
2,Barry Bonds,263,617,2004,39,SFG,NL,147,617,373,129,135,60,27,3,45,101,6,1,232,41,0.362,0.609,0.812,1.422,263,303,5,9,0,3,120,*7/HD,bondsba01
3,Barry Bonds,259,664,2001,36,SFG,NL,153,664,476,129,156,49,32,2,73,137,13,3,177,93,0.328,0.515,0.863,1.379,259,411,5,9,0,2,35,*7/DH,bondsba01
4,Fred Dunlap,256,478,1884,25,SLM,UA,101,478,449,160,185,125,39,8,13,,,,29,,0.412,0.448,0.621,1.069,256,279,,,,,,*4/1O,dunlafr01
5,Babe Ruth,255,617,1920,25,NYY,AL,142,617,458,158,172,73,36,9,54,135,14,14,150,80,0.376,0.532,0.847,1.379,255,388,,3,5,,,*978/31H,ruthba01
6,Babe Ruth,239,699,1923,28,NYY,AL,152,699,522,151,205,106,45,13,41,130,17,21,170,93,0.393,0.545,0.764,1.309,239,399,,4,3,,,*97/83,ruthba01
7,Babe Ruth,239,693,1921,26,NYY,AL,152,693,540,177,204,85,44,16,59,168,17,13,145,81,0.378,0.512,0.846,1.359,239,457,,4,4,,,*78/13H,ruthba01
8,Ted Williams,235,606,1941,22,BOS,AL,143,606,456,135,185,112,33,3,37,120,2,4,147,27,0.406,0.553,0.735,1.287,235,335,10,3,0,,25,*7H/9,willite01
9,Ted Williams,233,547,1957,38,BOS,AL,132,547,420,96,163,96,28,1,38,87,0,1,119,43,0.388,0.526,0.731,1.257,233,307,11,5,0,2,33,*7/H,willite01
10,Barry Bonds,231,550,2003,38,SFG,NL,130,550,390,111,133,65,22,1,45,90,7,0,148,58,0.341,0.529,0.749,1.278,231,292,7,10,0,2,61,*7/DH,bondsba01
11,Babe Ruth,226,652,1926,31,NYY,AL,152,652,495,139,184,102,30,5,47,153,11,9,144,76,0.372,0.516,0.737,1.253,226,365,,3,10,,13,*79/H3,ruthba01
12,Babe Ruth,225,691,1927,32,NYY,AL,151,691,540,158,192,95,29,8,60,165,7,5,137,89,0.356,0.486,0.772,1.258,225,417,,0,14,,3,*97,ruthba01
13,Rogers Hornsby,222,642,1924,28,STL,NL,143,642,536,121,227,145,43,14,25,94,5,12,89,32,0.424,0.507,0.696,1.203,222,373,,2,13,,13,*4,hornsro01
14,Mickey Mantle,221,623,1957,25,NYY,AL,144,623,474,121,173,105,28,6,34,94,16,3,146,75,0.365,0.512,0.665,1.177,221,315,5,0,0,3,23,*8/H,mantlmi01
15,Babe Ruth,220,681,1924,29,NYY,AL,153,681,529,143,200,108,39,7,46,124,9,13,142,81,0.378,0.513,0.739,1.252,220,391,,4,6,,28,*97/8H,ruthba01
16,Lou Gehrig,220,717,1927,24,NYY,AL,155,717,584,149,218,101,52,18,47,173,10,10,109,84,0.373,0.474,0.765,1.24,220,447,,3,21,,9,*3,gehrilo01
17,Babe Ruth,218,663,1931,36,NYY,AL,145,663,534,149,199,119,31,3,46,162,5,4,128,51,0.373,0.495,0.7,1.195,218,374,,1,0,,5,*97/H3,ruthba01
18,Babe Ruth,217,543,1919,24,BOS,AL,130,543,432,103,139,64,34,12,29,113,7,,101,58,0.322,0.456,0.657,1.114,217,284,,6,3,,,*71/38H,ruthba01
19,Ted Williams,216,671,1942,23,BOS,AL,150,671,522,141,186,111,34,5,36,137,3,2,145,51,0.356,0.499,0.648,1.147,216,338,12,4,0,,20,*7/9,willite01
20,Mark McGwire,216,681,1998,34,STL,NL,155,681,509,130,152,61,21,0,70,147,1,0,162,155,0.299,0.47,0.752,1.222,216,383,8,6,0,4,28,*3/H,mcgwima01
21,Ted Williams,215,672,1946,27,BOS,AL,150,672,514,142,176,93,37,8,38,123,0,0,156,44,0.342,0.497,0.667,1.164,215,343,12,2,0,,29,*7,willite01
22,Jeff Bagwell,213,479,1994,26,HOU,NL,110,479,400,104,147,74,32,2,39,116,15,4,65,65,0.368,0.451,0.75,1.201,213,300,12,4,0,10,14,*3/H9,bagweje01
23,Tip O'Neill,213,572,1887,27,STL,AA,124,572,517,167,225,140,52,19,14,123,30,,50,20,0.435,0.49,0.691,1.18,213,357,,5,,,,*O,o'neiti01
24,Frank Thomas,212,517,1994,26,CHW,AL,113,517,399,106,141,68,34,1,38,101,2,3,109,61,0.353,0.487,0.729,1.217,212,291,15,2,0,7,12,*3D/H,thomafr04
25,Babe Ruth,211,676,1930,35,NYY,AL,145,676,518,150,186,100,28,9,49,153,10,10,136,61,0.359,0.493,0.732,1.225,211,379,,1,21,,8,*97/1,ruthba01
26,Rogers Hornsby,210,606,1925,29,STL,NL,138,606,504,133,203,113,41,10,39,143,5,3,83,39,0.403,0.489,0.756,1.245,210,381,,2,16,,8,*4/H,hornsro01
27,Mickey Mantle,210,652,1956,24,NYY,AL,150,652,533,132,188,109,22,5,52,130,10,1,112,99,0.353,0.464,0.705,1.169,210,376,4,2,1,4,6,*8/H,mantlmi01
28,Aaron Judge,210,696,2022,30,NYY,AL,157,696,570,133,177,87,28,0,62,131,16,3,111,175,0.311,0.425,0.686,1.111,210,391,14,6,0,5,19,*89D/H,judgeaa01
29,Willie McCovey,209,623,1969,31,SFG,NL,149,623,491,101,157,84,26,2,45,126,0,0,121,66,0.32,0.453,0.656,1.108,209,322,11,4,0,7,45,*3/H,mccovwi01
30,Ty Cobb,209,672,1917,30,DET,AL,152,672,588,107,225,151,44,24,6,106,55,,61,34,0.383,0.444,0.57,1.014,209,335,,4,16,,,*89/H,cobbty01
31,Dan Brouthers,208,555,1886,28,DTN,NL,121,555,489,139,181,115,40,15,11,72,21,,66,16,0.37,0.445,0.581,1.026,208,284,,,,,,*3,broutda01
32,Jimmie Foxx,207,702,1932,24,PHA,AL,154,702,585,151,213,113,33,9,58,169,3,7,116,96,0.364,0.469,0.749,1.218,207,438,,0,0,,10,*35,foxxji01
33,Lou Gehrig,207,690,1934,31,NYY,AL,154,690,579,128,210,115,40,6,49,166,9,5,109,31,0.363,0.465,0.706,1.172,207,409,,2,0,,13,*3/6,gehrilo01
34,Rogers Hornsby,207,704,1922,26,STL,NL,154,704,623,141,250,148,46,14,42,152,17,12,65,50,0.401,0.459,0.722,1.181,207,450,,1,15,,,*4,hornsro01
35,Babe Ruth,206,684,1928,33,NYY,AL,154,684,536,163,173,82,29,8,54,146,4,5,137,87,0.323,0.463,0.709,1.172,206,380,,3,8,,8,*97,ruthba01
36,Mickey Mantle,206,646,1961,29,NYY,AL,153,646,514,131,163,87,16,6,54,128,12,1,126,112,0.317,0.448,0.687,1.135,206,353,2,0,1,5,9,*8/H,mantlmi01
37,Barry Bonds,206,674,1993,28,SFG,NL,159,674,539,129,181,93,38,4,46,123,29,12,126,79,0.336,0.458,0.677,1.136,206,365,11,2,0,7,43,*7/H,bondsba01
38,Ty Cobb,205,598,1910,23,DET,AL,140,598,508,106,194,138,35,13,8,91,65,,64,46,0.382,0.455,0.549,1.004,205,279,,4,16,,,*89/H,cobbty01
39,Honus Wagner,205,641,1908,34,PIT,NL,151,641,568,100,201,133,39,19,10,109,53,,54,22,0.354,0.415,0.542,0.957,205,308,,5,14,,,*6,wagneho01
40,Ted Williams,205,693,1947,28,BOS,AL,156,693,528,125,181,100,40,9,32,114,0,1,162,47,0.343,0.499,0.634,1.133,205,335,10,2,1,,29,*7,willite01
41,Barry Bonds,204,612,1992,27,PIT,NL,140,612,473,109,147,72,36,5,34,103,39,8,127,69,0.311,0.456,0.624,1.08,204,295,9,5,0,7,32,*7/H,bondsba01
42,George Brett,203,515,1980,27,KCR,AL,117,515,449,87,175,109,33,9,24,118,15,6,58,22,0.39,0.454,0.664,1.118,203,298,11,1,0,7,16,*5/H3,brettge01
43,Lou Gehrig,203,703,1930,27,NYY,AL,154,703,581,143,220,120,42,17,41,173,12,14,101,63,0.379,0.473,0.721,1.194,203,419,,3,18,,3,*3/7,gehrilo01
44,Sammy Sosa,203,711,2001,32,CHC,NL,160,711,577,146,189,86,34,5,64,160,0,2,116,153,0.328,0.437,0.737,1.174,203,425,6,6,0,12,37,*9,sosasa01
45,Rogers Hornsby,202,621,1928,32,BSN,NL,140,621,486,99,188,118,42,7,21,94,5,3,107,41,0.387,0.498,0.632,1.13,202,307,,1,25,,9,*4,hornsro01
46,Dave Orr,202,455,1885,25,NYP,AA,107,455,444,76,152,96,29,21,6,77,,,8,,0.342,0.358,0.543,0.901,202,241,,3,,,,*3/1,orrda01
47,Babe Ruth,201,589,1932,37,NYY,AL,133,589,457,120,156,97,13,5,41,137,2,2,130,62,0.341,0.489,0.661,1.15,201,302,,2,0,,4,*97/H3,ruthba01
48,Jimmie Foxx,201,670,1933,25,PHA,AL,149,670,573,125,204,110,37,9,48,163,2,2,96,93,0.356,0.449,0.703,1.153,201,403,,1,0,,9,*3/6,foxxji01
49,Norm Cash,201,673,1961,27,DET,AL,159,673,535,119,193,122,22,8,41,132,11,5,124,85,0.361,0.487,0.662,1.148,201,354,16,9,2,2,19,*3/H,cashno01
50,Orator Shafer,201,497,1884,32,SLM,UA,106,497,467,130,168,116,40,10,2,,,,30,,0.36,0.398,0.501,0.899,201,234,,,,,,*O/43,shaffor01
51,Ted Williams,201,526,1954,35,BOS,AL,117,526,386,93,133,80,23,1,29,89,0,0,136,32,0.345,0.513,0.635,1.148,201,245,10,1,0,3,17,*7/H,willite01
52,Nap Lajoie,200,595,1904,29,CLE,AL,140,595,553,92,208,139,49,15,5,102,29,,27,19,0.376,0.413,0.546,0.959,200,302,,8,6,,,46/3,lajoina01
53,Ty Cobb,200,610,1912,25,DET,AL,140,610,553,119,226,166,30,23,7,83,61,34,43,30,0.409,0.456,0.584,1.04,200,323,,5,8,,,*8/7,cobbty01
54,Stan Musial,200,698,1948,27,STL,NL,155,698,611,135,230,127,46,18,39,131,7,3,79,34,0.376,0.45,0.702,1.152,200,429,18,3,1,,6,*987/3,musiast01
55,Roger Connor,200,506,1885,27,NYG,NL,110,506,455,102,169,130,23,15,1,65,,,51,8,0.371,0.435,0.495,0.929,200,225,,,,,,*3,connoro01
56,Jason Giambi,199,671,2001,30,OAK,AL,154,671,520,109,178,91,47,2,38,120,2,0,129,83,0.342,0.477,0.66,1.137,199,343,17,13,0,9,24,*3D/H,giambja01
57,Dick Allen,199,609,1972,30,CHW,AL,148,609,506,90,156,86,28,5,37,113,19,8,99,126,0.308,0.42,0.603,1.023,199,305,13,1,0,3,16,*3/H5,allendi01
58,Nap Lajoie,198,582,1901,26,PHA,AL,131,582,544,145,232,156,48,14,14,125,27,,24,9,0.426,0.463,0.643,1.106,198,350,,13,1,,,*46,lajoina01
59,Frank Robinson,198,680,1966,30,BAL,AL,155,680,576,122,182,97,34,2,49,122,8,5,87,90,0.316,0.41,0.637,1.047,198,367,24,10,0,7,11,*97/3H,robinfr02
60,Bryce Harper,198,654,2015,22,WSN,NL,153,654,521,118,172,91,38,1,42,99,6,4,124,131,0.33,0.46,0.649,1.109,198,338,15,5,0,4,15,*98/D,harpebr03
61,Mike Trout,198,608,2018,26,LAA,AL,140,608,471,101,147,80,24,4,39,79,24,2,122,124,0.312,0.46,0.628,1.088,198,296,5,10,0,4,25,*8D/H,troutmi01
62,Jim Thome,197,613,2002,31,CLE,AL,147,613,480,101,146,73,19,2,52,118,1,2,122,139,0.304,0.445,0.677,1.122,197,325,5,5,0,6,18,*3D/H,thomeji01
63,Nap Lajoie,197,679,1910,35,CLE,AL,159,679,592,94,227,165,51,7,4,76,26,,60,18,0.383,0.444,0.514,0.958,197,304,,5,21,,,*43,lajoina01
64,Mark McGwire,196,548,1996,32,OAK,AL,130,548,423,104,132,59,21,0,52,113,0,0,116,112,0.312,0.467,0.73,1.198,196,309,14,8,0,1,16,*3D/H,mcgwima01
65,Ty Cobb,196,656,1911,24,DET,AL,146,656,592,148,248,169,47,24,8,127,83,,44,42,0.419,0.466,0.62,1.086,196,367,,8,11,,,*8,cobbty01
66,Oscar Charleston,195,454,1922,25,ABC,NNL,101,454,401,105,150,88,25,18,19,102,21,,41,,0.374,0.433,0.668,1.102,195,268,,1,11,,,*83,charlos99
67,Mickey Mantle,195,502,1962,30,NYY,AL,123,502,377,96,121,75,15,1,30,89,9,0,122,78,0.321,0.486,0.605,1.091,195,228,4,1,0,2,9,*89/H,mantlmi01
68,Henry Aaron,194,573,1971,37,ATL,NL,139,573,495,95,162,90,22,3,47,118,1,1,71,58,0.327,0.41,0.669,1.079,194,331,9,2,0,5,21,39H,aaronha01
69,Ty Cobb,194,474,1918,31,DET,AL,111,474,421,81,161,125,19,14,3,62,34,,41,21,0.382,0.44,0.515,0.955,194,217,,2,9,,,*83/H1459,cobbty01
70,Albert Belle,194,480,1994,27,CLE,AL,106,480,412,90,147,74,35,2,36,101,9,6,58,71,0.357,0.438,0.714,1.152,194,294,5,5,1,4,9,*7/D,belleal01
71,Lou Gehrig,194,738,1931,28,NYY,AL,155,738,619,163,211,119,31,15,46,185,17,12,117,56,0.341,0.446,0.662,1.108,194,410,,0,2,,14,*3/9,gehrilo01
72,Ty Cobb,194,504,1913,26,DET,AL,122,504,429,70,167,129,18,16,4,67,51,,58,31,0.389,0.466,0.534,1,194,229,,4,11,,,*89/H4,cobbty01
73,Harry Heilmann,194,627,1923,28,DET,AL,144,627,524,121,211,138,44,11,18,115,9,7,74,40,0.403,0.481,0.632,1.113,194,331,,5,23,,,*93/H,heilmha01
74,Carl Yastrzemski,193,680,1967,27,BOS,AL,161,680,579,112,189,110,31,4,44,121,10,8,91,69,0.326,0.418,0.622,1.04,193,360,5,4,1,5,11,*7/8H,yastrca01
75,King Kelly,193,534,1886,28,CHC,NL,118,534,451,155,175,128,32,11,4,79,53,,83,33,0.388,0.483,0.534,1.018,193,241,,,,,,O2/3546,kellyki01
76,Joe Jackson,193,641,1911,23,CLE,AL,147,641,571,126,233,162,45,19,7,83,41,,56,42,0.408,0.468,0.59,1.058,193,337,,8,6,,,*98,jacksjo01
77,George Stone,193,662,1906,29,SLB,AL,154,662,581,91,208,157,25,20,6,71,35,,52,89,0.358,0.417,0.501,0.918,193,291,,7,18,,,*7,stonege01
78,Babe Ruth,193,588,1929,34,NYY,AL,135,588,499,121,172,94,26,6,46,154,5,3,72,60,0.345,0.43,0.697,1.128,193,348,,3,14,,5,*97/H,ruthba01
79,Lou Gehrig,193,678,1928,25,NYY,AL,154,678,562,139,210,123,47,13,27,147,4,11,95,69,0.374,0.467,0.648,1.115,193,364,,4,17,,3,*3,gehrilo01
80,Ty Cobb,192,655,1909,22,DET,AL,156,655,573,115,216,164,33,10,9,107,76,,48,45,0.377,0.431,0.517,0.947,192,296,,6,24,,,*9/84,cobbty01
81,Kevin Mitchell,192,640,1989,27,SFG,NL,154,640,543,100,158,71,34,6,47,125,3,4,87,115,0.291,0.388,0.635,1.023,192,345,6,3,0,7,32,*7/H5,mitchke01
82,Joe Jackson,192,623,1913,25,CLE,AL,148,623,528,109,197,134,39,17,7,71,26,,80,26,0.373,0.46,0.551,1.011,192,291,,5,10,,,*9,jacksjo01
83,Albert Pujols,192,641,2008,28,STL,NL,148,641,524,100,187,106,44,0,37,116,7,3,104,54,0.357,0.462,0.653,1.114,192,342,16,5,0,8,34,*3/HD4,pujolal01
84,Ted Williams,191,730,1949,30,BOS,AL,155,730,566,150,194,109,39,3,43,159,1,1,162,48,0.343,0.49,0.65,1.141,191,368,22,2,0,,11,*7,willite01
85,Rogers Hornsby,191,674,1921,25,STL,NL,154,674,592,131,235,152,44,18,21,126,13,13,60,48,0.397,0.458,0.639,1.097,191,378,,7,15,,,*4/7563,hornsro01
86,Joe Jackson,191,653,1912,24,CLE,AL,154,653,572,121,226,153,44,26,3,90,35,20,54,19,0.395,0.458,0.579,1.036,191,331,,12,15,,,*98/H,jacksjo01
87,Ed Delahanty,190,574,1896,28,PHI,NL,123,574,499,131,198,124,44,17,13,126,37,,62,22,0.397,0.472,0.631,1.103,190,315,,9,4,,,*O3/4,delahed01
88,Lou Gehrig,190,719,1936,33,NYY,AL,155,719,579,167,205,112,37,7,49,152,3,4,130,46,0.354,0.478,0.696,1.174,190,403,,7,3,,9,*3,gehrilo01
89,Arky Vaughan,190,610,1935,23,PIT,NL,137,610,499,108,192,129,34,10,19,99,4,7,97,18,0.385,0.491,0.607,1.098,190,303,5,7,7,,7,*6,vaughar01
90,Miguel Cabrera,190,652,2013,30,DET,AL,148,652,555,103,193,122,26,1,44,137,3,0,90,94,0.348,0.442,0.636,1.078,190,353,19,5,0,2,19,*5/DH,cabremi01
91,Pete Browning,190,506,1885,24,LOU,AA,112,506,481,98,174,121,34,10,9,73,,,25,,0.362,0.393,0.53,0.923,190,255,,0,,,,*O,brownpe01
92,Tris Speaker,190,675,1912,24,BOS,AL,153,675,580,136,222,147,53,12,10,90,52,28,82,36,0.383,0.464,0.567,1.031,190,329,,6,7,,,*8,speaktr01
93,Ed Delahanty,189,645,1899,31,PHI,NL,146,645,581,135,238,165,55,9,9,137,30,,55,22,0.41,0.464,0.582,1.046,189,338,,4,5,,,*O,delahed01
94,Rickey Henderson,189,594,1990,31,OAK,AL,136,594,489,119,159,95,33,3,28,61,65,10,97,60,0.325,0.439,0.577,1.016,189,282,13,4,2,2,2,*7D/H,henderi01
95,Albert Pujols,189,700,2009,29,STL,NL,160,700,568,124,186,93,45,1,47,135,16,4,115,64,0.327,0.443,0.658,1.101,189,374,23,9,0,8,44,*3/HD,pujolal01
96,Ted Williams,189,638,1948,29,BOS,AL,137,638,509,124,188,116,44,3,25,127,4,0,126,41,0.369,0.497,0.615,1.112,189,313,10,3,0,,14,*7/H,willite01
97,John Reilly,189,467,1884,25,CIN,AA,105,467,448,114,152,98,24,19,11,91,,,5,,0.339,0.366,0.551,0.918,189,247,,14,,,,*3/O6,reilljo01
98,Gary Sheffield,189,677,1996,27,FLA,NL,161,677,519,118,163,87,33,1,42,120,16,9,142,66,0.314,0.465,0.624,1.09,189,324,16,10,0,6,19,*9/H,sheffga01
99,Dave Orr,189,464,1884,24,NYP,AA,110,464,458,82,162,108,32,13,9,112,,,5,,0.354,0.362,0.539,0.901,189,247,,1,,,,*3/O,orrda01
100,Reggie Jackson,189,678,1969,23,OAK,AL,152,678,549,123,151,65,36,3,47,118,13,5,114,142,0.275,0.41,0.608,1.018,189,334,8,12,1,1,20,*98/H,jacksre01
101,Barry Bonds,188,607,2000,35,SFG,NL,143,607,480,129,147,66,28,4,49,106,11,3,117,77,0.306,0.44,0.688,1.127,188,330,6,3,0,7,22,*7/H,bondsba01
102,Ed Delahanty,188,541,1902,34,WSH,AL,123,541,473,103,178,111,43,14,10,93,16,,62,9,0.376,0.453,0.59,1.043,188,279,,4,0,,,*73,delahed01
103,Mickey Mantle,188,654,1958,26,NYY,AL,150,654,519,127,158,94,21,1,42,97,18,3,129,120,0.304,0.443,0.592,1.035,188,307,11,2,2,2,13,*8,mantlmi01
104,Honus Wagner,188,562,1904,30,PIT,NL,132,562,490,97,171,109,44,14,4,75,53,,59,44,0.349,0.423,0.52,0.944,188,255,,4,5,,,*6/7348H,wagneho01
105,Yordan Alvarez,188,561,2022,25,HOU,AL,135,561,470,95,144,76,29,2,37,97,1,1,78,106,0.306,0.406,0.613,1.019,188,288,12,6,0,7,9,D7/H,alvaryo01
106,Barry Bonds,188,675,1996,31,SFG,NL,158,675,517,122,159,87,27,3,42,129,40,7,151,76,0.308,0.461,0.615,1.076,188,318,11,1,0,6,30,*7/H8,bondsba01
107,Jimmie Foxx,188,565,1939,31,BOS,AL,124,565,467,130,168,92,31,10,35,105,4,3,89,72,0.36,0.464,0.694,1.158,188,324,17,2,5,,6,*3/1H,foxxji01
108,Rogers Hornsby,188,487,1923,27,STL,NL,107,487,424,89,163,104,32,10,17,83,3,7,55,29,0.384,0.459,0.627,1.086,188,266,,3,5,,,43/6H,hornsro01
109,Albert Pujols,187,685,2003,23,STL,NL,157,685,591,137,212,117,51,1,43,124,5,1,79,65,0.359,0.439,0.667,1.106,187,394,13,10,0,5,12,*73/HD,pujolal01
110,Frank Robinson,187,563,1967,31,BAL,AL,129,563,479,83,149,89,23,7,30,94,2,3,71,84,0.311,0.403,0.576,0.979,187,276,10,7,0,6,14,*97/3H,robinfr02
111,Honus Wagner,187,584,1907,33,PIT,NL,142,584,515,98,180,122,38,14,6,82,61,,46,40,0.35,0.408,0.513,0.921,187,264,,5,14,,,*6/3,wagneho01
112,Jim Gentile,187,601,1961,27,BAL,AL,148,601,486,96,147,74,25,2,46,141,1,1,96,106,0.302,0.423,0.646,1.069,187,314,12,11,0,8,5,*3H,gentiji01
113,Jason Giambi,187,664,2000,29,OAK,AL,152,664,510,108,170,97,29,1,43,137,2,0,137,96,0.333,0.476,0.647,1.123,187,330,9,9,0,8,6,*3D/H,giambja01
114,Joe Morgan,187,599,1976,32,CIN,NL,141,599,472,113,151,89,30,5,27,111,60,9,114,41,0.32,0.444,0.576,1.02,187,272,2,1,0,12,8,*4H,morgajo02
115,Manny Ramírez,186,532,2000,28,CLE,AL,118,532,439,92,154,80,34,2,38,122,1,1,86,117,0.351,0.457,0.697,1.154,186,306,9,3,0,4,9,9D,ramirma02
116,Mookie Betts,186,614,2018,25,BOS,AL,136,614,520,129,180,96,47,5,32,80,30,6,81,91,0.346,0.438,0.64,1.078,186,333,5,8,0,5,8,*98/HD4,bettsmo01
117,Mike Trout,186,507,2017,25,LAA,AL,114,507,402,92,123,62,25,3,33,72,22,4,94,90,0.306,0.442,0.629,1.071,186,253,8,7,0,4,15,8/D,troutmi01
118,Willie Stargell,186,609,1973,33,PIT,NL,148,609,522,106,156,66,43,3,44,119,0,0,80,129,0.299,0.392,0.646,1.038,186,337,6,3,0,4,22,*7/H,stargwi01
119,Tris Speaker,186,647,1916,28,CLE,AL,151,647,546,102,211,160,41,8,2,79,35,27,82,20,0.386,0.47,0.502,0.972,186,274,,4,15,,,*8,speaktr01
120,Jimmie Foxx,186,652,1934,26,PHA,AL,150,652,539,120,180,102,28,6,44,130,11,2,111,75,0.334,0.449,0.653,1.102,186,352,,1,1,,17,*3/5H,foxxji01
121,John Olerud,186,679,1993,24,TOR,AL,158,679,551,109,200,120,54,2,24,107,0,2,114,65,0.363,0.473,0.599,1.072,186,330,12,7,0,7,33,*3D/H,olerujo01
122,Ralph Kiner,186,667,1949,26,PIT,NL,152,667,549,116,170,92,19,5,54,127,6,5,117,61,0.31,0.432,0.658,1.089,186,361,10,1,0,,12,*7,kinerra01
123,Ed Delahanty,186,578,1895,27,PHI,NL,116,578,480,149,194,124,49,10,11,106,46,,86,31,0.404,0.5,0.617,1.117,186,296,,6,6,,,*O/645,delahed01
124,Willie Mays,185,638,1965,34,SFG,NL,157,638,558,118,177,101,21,3,52,112,9,4,76,71,0.317,0.398,0.645,1.043,185,360,11,0,2,2,16,*8/H97,mayswi01
125,Harry Stovey,185,478,1884,27,PHA,AA,104,478,448,124,146,91,22,23,10,83,,,26,,0.326,0.368,0.545,0.913,185,244,,4,,,,*3,stoveha01
126,Ty Cobb,185,701,1915,28,DET,AL,156,701,563,144,208,161,31,13,3,99,96,38,118,43,0.369,0.486,0.487,0.973,185,274,,10,9,,,*8,cobbty01
127,King Kelly,185,498,1884,26,CHC,NL,108,498,452,120,160,114,28,5,13,95,,,46,24,0.354,0.414,0.524,0.938,185,237,,,,,,O265/134,kellyki01
128,Rogers Hornsby,185,660,1920,24,STL,NL,149,660,589,96,218,145,44,20,9,94,12,15,60,50,0.37,0.431,0.559,0.99,185,329,,3,8,,,*4,hornsro01
129,Edgar Martinez,185,639,1995,32,SEA,AL,145,639,511,121,182,101,52,0,29,113,4,3,116,87,0.356,0.479,0.628,1.107,185,321,11,8,0,4,19,*D/53,martied01
130,Mike Piazza,185,633,1997,28,LAD,NL,152,633,556,104,201,128,32,1,40,124,5,1,69,77,0.362,0.431,0.638,1.07,185,355,19,3,0,5,11,*2/DH,piazzmi01
131,Ralph Kiner,185,670,1951,28,PIT,NL,151,670,531,124,164,85,31,6,42,109,2,1,137,57,0.309,0.452,0.627,1.079,185,333,10,2,0,,13,73,kinerra01
132,Willie Stargell,185,606,1971,31,PIT,NL,141,606,511,104,151,77,26,0,48,125,0,0,83,154,0.295,0.398,0.628,1.026,185,321,8,7,0,5,20,*7/H,stargwi01
133,Dave Orr,185,593,1886,26,NYP,AA,136,593,571,93,193,130,25,31,7,91,16,,17,,0.338,0.363,0.527,0.89,185,301,,5,,,,*3,orrda01
134,Joe DiMaggio,185,622,1941,26,NYY,AL,139,622,541,122,193,109,43,11,30,125,4,2,76,13,0.357,0.44,0.643,1.083,185,348,6,4,0,,21,*8,dimagjo01
135,Manny Ramírez,184,518,2002,30,BOS,AL,120,518,436,84,152,88,31,0,33,107,0,0,73,85,0.349,0.45,0.647,1.097,184,282,13,8,0,1,14,7D/9H,ramirma02
136,Shohei Ohtani,184,599,2023,28,LAA,AL,135,599,497,102,151,73,26,8,44,95,20,6,91,143,0.304,0.412,0.654,1.066,184,325,9,3,0,3,21,*D1,ohtansh01
137,Joe DiMaggio,184,524,1939,24,NYY,AL,120,524,462,108,176,108,32,6,30,126,3,0,52,20,0.381,0.448,0.671,1.119,184,310,11,4,6,,9,*8/H,dimagjo01
138,Stan Musial,183,702,1946,25,STL,NL,156,702,624,124,228,142,50,20,16,103,7,9,73,31,0.365,0.434,0.587,1.021,183,366,7,3,2,,9,*37,musiast01
139,Stan Musial,183,678,1951,30,STL,NL,152,678,578,124,205,131,30,12,32,108,4,5,98,40,0.355,0.449,0.614,1.063,183,355,6,1,1,,24,738/9H,musiast01
140,Barry Bonds,183,474,1994,29,SFG,NL,112,474,391,89,122,66,18,1,37,81,29,9,74,43,0.312,0.426,0.647,1.073,183,253,3,6,0,3,18,*7/H,bondsba01
141,Jimmie Foxx,183,685,1938,30,BOS,AL,149,685,565,139,197,105,33,9,50,175,5,4,119,76,0.349,0.462,0.704,1.166,183,398,,0,1,,12,*3,foxxji01
142,Roger Connor,183,526,1886,28,NYG,NL,118,526,485,105,172,116,29,20,7,71,17,,41,15,0.355,0.405,0.54,0.945,183,262,,,,,,*3,connoro01
143,Henry Aaron,183,693,1959,25,MLN,NL,154,693,629,116,223,131,46,7,39,123,8,0,51,54,0.355,0.401,0.636,1.037,183,400,19,4,0,9,17,*98/5,aaronha01
144,Tris Speaker,182,695,1923,35,CLE,AL,150,695,574,133,218,131,59,11,17,130,8,9,93,15,0.38,0.469,0.61,1.079,182,350,,4,22,,,*8,speaktr01
145,Sam Thompson,182,502,1894,34,PHI,NL,102,502,451,114,187,114,32,28,13,149,27,,42,13,0.415,0.466,0.696,1.162,182,314,,1,8,,,*O,thompsa01
146,José Bautista,182,655,2011,30,TOR,AL,149,655,513,105,155,86,24,2,43,103,9,5,132,111,0.302,0.447,0.608,1.056,182,312,8,6,0,4,24,*95/D,bautijo02
147,Pedro Guerrero,182,581,1985,29,LAD,NL,137,581,487,99,156,99,22,2,33,87,12,4,83,68,0.32,0.422,0.577,0.999,182,281,13,6,0,5,14,7538/H9,guerrpe01
148,Babe Ruth,182,496,1922,27,NYY,AL,110,496,406,94,128,61,24,8,35,96,2,5,84,80,0.315,0.434,0.672,1.106,182,273,,1,4,,,*79/3,ruthba01
149,Tris Speaker,182,611,1913,25,BOS,AL,141,611,520,94,189,129,35,22,3,71,46,,65,22,0.363,0.441,0.533,0.974,182,277,,7,16,,,*8/H,speaktr01
150,Mike Trout,182,600,2019,27,LAA,AL,134,600,470,110,137,63,27,2,45,104,11,2,110,120,0.291,0.438,0.645,1.083,182,303,5,16,0,4,14,*8D/H,troutmi01
151,Jimmie Foxx,182,649,1935,27,PHA,AL,147,649,535,118,185,109,33,7,36,115,6,4,114,99,0.346,0.461,0.636,1.096,182,340,,0,0,,13,*32/5,foxxji01
152,George Sisler,182,692,1920,27,SLB,AL,154,692,631,137,257,171,49,18,19,122,42,17,46,19,0.407,0.449,0.632,1.082,182,399,,2,13,,,*3/1,sislege01
153,Willie McCovey,182,638,1970,32,SFG,NL,152,638,495,98,143,63,39,2,39,126,0,0,137,75,0.289,0.444,0.612,1.056,182,303,13,3,0,3,40,*3/H,mccovwi01
154,Joe Medwick,182,677,1937,25,STL,NL,156,677,633,111,237,140,56,10,31,154,4,5,41,50,0.374,0.414,0.641,1.056,182,406,11,2,1,,13,*7,medwijo01
155,Bobby Murcer,181,624,1971,25,NYY,AL,146,624,529,94,175,119,25,6,25,94,14,8,91,60,0.331,0.427,0.543,0.969,181,287,9,0,1,3,13,*8/H,murcebo01
156,Frank Thomas,181,649,1997,29,CHW,AL,146,649,530,110,184,114,35,0,35,125,1,1,109,69,0.347,0.456,0.611,1.067,181,324,15,3,0,7,9,3D,thomafr04
157,Dick Allen,181,599,1966,24,PHI,NL,141,599,524,112,166,91,25,10,40,110,10,6,68,136,0.317,0.396,0.632,1.027,181,331,9,3,0,4,13,57/H,allendi01
158,Lou Gehrig,181,708,1932,29,NYY,AL,156,708,596,138,208,123,42,9,34,151,4,11,108,38,0.349,0.451,0.621,1.072,181,370,,3,1,,7,*3,gehrilo01
159,Cy Seymour,181,646,1905,32,CIN,NL,149,646,581,95,219,150,40,21,8,121,21,,51,29,0.377,0.429,0.559,0.988,181,325,,2,9,,,*8,seymocy01
160,Travis Hafner,181,564,2006,29,CLE,AL,129,564,454,100,140,66,31,1,42,117,0,0,100,111,0.308,0.439,0.659,1.097,181,299,10,7,0,2,16,*D/3H,hafnetr01
161,Carlos Delgado,181,711,2000,28,TOR,AL,162,711,569,115,196,97,57,1,41,137,0,1,123,104,0.344,0.47,0.664,1.134,181,378,12,15,0,4,18,*3,delgaca01
162,Jesse Burkett,180,676,1901,32,STL,NL,142,676,601,142,226,181,20,15,10,75,27,,59,70,0.376,0.44,0.509,0.949,180,306,,10,3,,,*7,burkeje01
163,Benny Kauff,180,581,1915,25,BTT,FL,136,581,483,92,165,119,23,11,12,83,55,,85,50,0.342,0.446,0.509,0.955,180,246,,6,7,,,*8,kauffbe01
164,Cap Anson,180,559,1886,34,CHC,NL,125,559,504,117,187,131,35,11,10,147,29,,55,19,0.371,0.433,0.544,0.977,180,274,,,,,,*32,ansonca01
165,Harry Heilmann,180,596,1927,32,DET,AL,141,596,505,106,201,128,50,9,14,120,11,11,72,16,0.398,0.475,0.616,1.091,180,311,,2,17,,4,*9/H,heilmha01
166,Frank Thomas,180,701,1991,23,CHW,AL,158,701,559,104,178,113,31,2,32,109,1,2,138,112,0.318,0.453,0.553,1.006,180,309,20,1,0,2,13,D3/H,thomafr04
167,Al Rosen,180,688,1953,29,CLE,AL,155,688,599,115,201,126,27,5,43,145,8,7,85,48,0.336,0.422,0.613,1.034,180,367,19,4,0,,4,*5/36H,rosenal01
168,Mickey Mantle,180,638,1955,23,NYY,AL,147,638,517,121,158,85,25,11,37,99,8,1,113,97,0.306,0.431,0.611,1.042,180,316,4,3,2,3,6,*8/H6,mantlmi01
169,Cupid Childs,180,571,1890,22,SYR,AA,126,571,493,109,170,121,33,14,2,89,56,,72,,0.345,0.434,0.481,0.915,180,237,,6,,,,*4/6,childcu01
170,Rocky Colavito,180,578,1958,24,CLE,AL,143,578,489,80,148,78,26,3,41,113,0,2,84,89,0.303,0.405,0.62,1.024,180,303,16,2,0,3,6,*93/H17,colavro01
171,Miguel Cabrera,179,688,2011,28,DET,AL,161,688,572,111,197,119,48,0,30,105,2,1,108,89,0.344,0.448,0.586,1.033,179,335,24,3,0,5,22,*3/DH,cabremi01
172,Dan Brouthers,179,597,1891,33,BOS,AA,130,597,486,117,170,120,26,19,5,109,31,,87,20,0.35,0.471,0.512,0.983,179,249,,24,,,,*3,broutda01
173,Christian Yelich,179,580,2019,27,MIL,NL,130,580,489,100,161,85,29,3,44,97,30,2,80,118,0.329,0.429,0.671,1.1,179,328,8,8,0,3,16,*9/7HD8,yelicch01
174,Henry Aaron,179,714,1963,29,MLN,NL,161,714,631,121,201,124,29,4,44,130,31,5,78,94,0.319,0.391,0.586,0.977,179,370,11,0,0,5,18,*9,aaronha01
175,Mike Trout,179,716,2013,21,LAA,AL,157,716,589,109,190,115,39,9,27,97,33,7,110,136,0.323,0.432,0.557,0.988,179,328,8,9,0,8,10,*87/D,troutmi01
176,Harry Lumley,179,554,1906,25,BRO,NL,133,554,484,72,157,113,23,12,9,61,35,,48,74,0.324,0.386,0.477,0.864,179,231,,1,21,,,*9/H,lumleha01
177,Bryce Harper,179,599,2021,28,PHI,NL,141,599,488,101,151,73,42,1,35,84,13,3,100,134,0.309,0.429,0.615,1.044,179,300,12,5,2,4,14,*9/D3,harpebr03
178,George Brett,179,665,1985,32,KCR,AL,155,665,550,108,184,111,38,5,30,112,9,1,103,49,0.335,0.436,0.585,1.022,179,322,12,3,0,9,31,*5/HD,brettge01
179,Frank Thomas,179,647,1995,27,CHW,AL,145,647,493,102,152,85,27,0,40,111,3,2,136,74,0.308,0.454,0.606,1.061,179,299,14,6,0,12,29,3D/H,thomafr04
180,Ted Williams,179,517,1958,39,BOS,AL,129,517,411,81,135,84,23,2,26,85,1,0,98,49,0.328,0.458,0.584,1.042,179,240,19,4,0,4,12,*7H,willite01
181,Ty Cobb,179,637,1916,29,DET,AL,145,637,543,113,201,155,31,10,5,68,68,24,78,39,0.37,0.451,0.492,0.943,179,267,,2,14,,,*8/37H,cobbty01
182,Dan Brouthers,179,688,1892,34,BRO,NL,152,688,588,121,197,142,30,20,5,124,31,,84,30,0.335,0.432,0.48,0.911,179,282,,16,,,,*3,broutda01
183,Barry Bonds,178,697,1998,33,SFG,NL,156,697,552,120,167,79,44,7,37,122,28,12,130,92,0.303,0.438,0.609,1.047,178,336,15,8,1,6,29,*7/H,bondsba01
184,Albert Pujols,178,634,2006,26,STL,NL,143,634,535,119,177,94,33,1,49,137,7,2,92,50,0.331,0.431,0.671,1.102,178,359,20,4,0,3,28,*3/H,pujolal01
185,Mel Ott,178,654,1938,29,NYG,NL,150,654,527,116,164,99,23,6,36,116,2,4,118,47,0.311,0.442,0.583,1.024,178,307,8,5,2,,13,*59/H,ottme01
186,Frank Howard,178,702,1969,32,WSA,AL,161,702,592,111,175,108,17,2,48,111,1,0,102,96,0.296,0.402,0.574,0.976,178,340,29,5,0,3,19,*73/9H,howarfr01
187,Rogers Hornsby,178,712,1929,33,CHC,NL,156,712,602,156,229,135,47,8,39,149,2,0,87,65,0.38,0.459,0.679,1.139,178,409,,1,22,,5,*4,hornsro01
188,Miguel Cabrera,178,648,2010,27,DET,AL,150,648,548,111,180,96,45,1,38,126,3,3,89,95,0.328,0.42,0.622,1.042,178,341,17,3,0,8,32,*3/D,cabremi01
189,Bill Joyce,178,459,1894,26,WHS,NL,99,459,355,103,126,70,25,14,17,89,21,,87,33,0.355,0.496,0.648,1.143,178,230,,12,5,,,*5,joycebi01
190,Tris Speaker,178,668,1914,26,BOS,AL,158,668,571,101,193,125,46,18,4,90,42,29,77,25,0.338,0.423,0.503,0.926,178,287,,7,13,,,*8/13H,speaktr01
191,Johnny Mize,178,670,1939,26,STL,NL,153,670,564,104,197,111,44,14,28,108,0,2,92,49,0.349,0.444,0.626,1.07,178,353,9,4,10,,18,*3,mizejo01
192,Rod Carew,178,694,1977,31,MIN,AL,155,694,616,128,239,171,38,16,14,100,23,13,69,55,0.388,0.449,0.57,1.019,178,351,6,3,1,5,15,*3/H4D,carewro01
193,Frank Thomas,178,649,1996,28,CHW,AL,141,649,527,110,184,118,26,0,40,134,1,1,109,70,0.349,0.459,0.626,1.085,178,330,25,5,0,8,26,*3/H,thomafr04
194,Larry Walker,178,664,1997,30,COL,NL,153,664,568,143,208,109,46,4,49,130,33,8,78,90,0.366,0.452,0.72,1.172,178,409,15,14,0,4,14,*9/38HD,walkela01
195,Jeff Bagwell,178,719,1996,28,HOU,NL,162,719,568,111,179,98,48,2,31,120,21,7,135,114,0.315,0.451,0.57,1.021,178,324,15,10,0,6,20,*3,bagweje01
196,Steve Evans,177,584,1914,29,BTT,FL,145,584,514,93,179,111,41,15,12,96,18,,50,49,0.348,0.416,0.556,0.973,177,286,,10,6,,,*973/H8,evansst01
197,Joey Votto,177,475,2012,28,CIN,NL,111,475,374,59,126,68,44,0,14,56,5,3,94,85,0.337,0.474,0.567,1.041,177,212,8,5,0,2,18,*3/H,vottojo01
198,Hack Wilson,177,709,1930,30,CHC,NL,155,709,585,146,208,111,35,6,56,191,3,3,105,84,0.356,0.454,0.723,1.177,177,423,,1,18,,6,*8,wilsoha01
199,Frank Thomas,177,676,1993,25,CHW,AL,153,676,549,106,174,97,36,0,41,128,4,2,112,54,0.317,0.426,0.607,1.033,177,333,10,2,0,13,23,*3/D,thomafr04
200,Paul Goldschmidt,177,651,2022,34,STL,NL,151,651,561,106,178,102,41,0,35,115,7,0,79,141,0.317,0.404,0.578,0.981,177,324,7,5,0,4,1,*3D/H,goldspa01
